city,latitude,longitude,total_deaths_2020,ped_deaths_2020,auto_deaths_2020,ped_share_of_total,city_pop_2020,ped_deaths_per_100k_2020,auto_deaths_per_100k_2020,total_deaths_per_100k_2020,ped_deaths_per_100k_2010,auto_deaths_per_100k_2010,total_deaths_per_100k_2010,change_ped_dead_per_100k,change_auto_dead_per_100k,change_total_dead_per_100k,
"New York, NY",40.71304703,-74.00723267,235,90,145,38.3,8253213,1.09,1.76,2.85,1.79,1.49,3.28,-0.39,0.18,-0.13,
"Los Angeles, CA",34.05223846,-118.2433472,282,116,166,41.1,3970219,2.92,4.18,7.1,2.69,3.48,6.17,0.09,0.2,0.15,
"Chicago, IL",41.8832283,-87.63240051,190,54,136,28.4,2677643,2.02,5.08,7.1,1.19,3.97,5.15,0.7,0.28,0.38,
"Houston, TX",29.76080322,-95.36950684,266,76,190,28.6,2316120,3.28,8.2,11.48,2.1,8.2,10.3,0.56,0,0.12,
"Phoenix, AZ",33.44820404,-112.0725861,224,73,151,32.6,1708127,4.27,8.84,13.11,2.97,7.25,10.21,0.44,0.22,0.28,
"Philadelphia, PA",39.95106125,-75.1656189,166,48,118,28.9,1578487,3.04,7.48,10.52,1.96,4.12,6.09,0.55,0.81,0.73,
"San Antonio, TX",29.4251709,-98.49461365,157,59,98,37.6,1567118,3.76,6.25,10.02,2.18,6.9,9.08,0.73,-0.09,0.1,
"San Diego, CA",32.71575928,-117.1638184,104,33,71,31.7,1422420,2.32,4.99,7.31,1.84,3.75,5.59,0.26,0.33,0.31,
"Dallas, TX",32.77797699,-96.79621124,222,66,156,29.7,1343266,4.91,11.61,16.53,2,8.16,10.16,1.46,0.42,0.63,
"San Jose, CA",37.33479309,-121.8881455,56,21,35,37.5,1013616,2.07,3.45,5.52,0.63,3.14,3.77,2.3,0.1,0.46,
"Austin, TX",30.26497841,-97.74659729,94,33,61,35.1,995484,3.31,6.13,9.44,1.12,5.21,6.33,1.97,0.18,0.49,
"Fort Worth, TX",32.74990463,-97.33033752,110,36,74,32.7,927720,3.88,7.98,11.86,1.6,7.88,9.49,1.42,0.01,0.25,
"Jacksonville, FL",30.32596779,-81.65676117,178,45,133,25.3,920570,4.89,14.45,19.34,2.55,10.45,13,0.92,0.38,0.49,
"Columbus, OH",39.96276093,-82.99629211,81,18,63,22.2,903852,1.99,6.97,8.96,1.26,5.18,6.45,0.58,0.34,0.39,
"Charlotte, NC",35.2237854,-80.84114075,101,24,77,23.8,900350,2.67,8.55,11.22,2.17,3.52,5.69,0.23,1.43,0.97,
"Indianapolis, IN",39.76845169,-86.15621185,134,39,95,29.1,877903,4.44,10.82,15.26,1.7,6.82,8.52,1.61,0.59,0.79,
"San Francisco, CA",37.78007889,-122.4201584,31,12,19,38.7,866606,1.38,2.19,3.58,1.86,1.99,3.85,-0.26,0.1,-0.07,
"Seattle, WA",47.60322952,-122.3302765,26,12,14,46.2,769714,1.56,1.82,3.38,1.47,2.62,4.09,0.06,-0.31,-0.17,
"Denver, CO",39.73845291,-104.9848557,51,15,36,29.4,735538,2.04,4.89,6.93,1.33,5.31,6.63,0.54,-0.08,0.05,
"Washington, DC",38.89206314,-77.01991272,36,10,26,27.8,712816,1.4,3.65,5.05,2.15,1.82,3.97,-0.35,1.01,0.27,
"Boston, MA",42.35899353,-71.0586319,18,4,14,22.2,691531,0.58,2.02,2.6,1.29,1.61,2.9,-0.55,0.26,-0.1,
"El Paso, TX",31.76010704,-106.4922943,64,12,52,18.8,681534,1.76,7.63,9.39,1.69,6.3,7.99,0.04,0.21,0.17,
"Nashville, TN",36.1663475,-86.77905273,104,37,67,35.6,671295,5.51,9.98,15.49,1.98,8.6,10.58,1.78,0.16,0.46,
"Detroit, MI",42.33293915,-83.0478363,191,41,150,21.5,665369,6.16,22.54,28.71,2.95,10.12,13.08,1.09,1.23,1.2,
"Las Vegas, NV",36.16909027,-115.1405792,32,12,20,37.5,662368,1.81,3.02,4.83,1.37,3.93,5.3,0.32,-0.23,-0.09,
"Oklahoma, OK",35.46849442,-97.52126312,81,25,56,30.9,662314,3.77,8.46,12.23,2.57,10.3,12.87,0.47,-0.18,-0.05,
"Portland, OR",45.51601791,-122.681427,56,18,38,32.1,656751,2.74,5.79,8.53,2.05,2.05,4.1,0.34,1.82,1.08,
"Memphis, TN",35.14337921,-90.05213928,223,63,160,28.3,649705,9.7,24.63,34.32,1.53,9.81,11.34,5.33,1.51,2.03,
"Louisville, KY",38.19937515,-85.65352631,113,31,82,27.4,618338,5.01,13.26,18.27,2.68,8.72,11.4,0.87,0.52,0.6,
"Milwaukee, WI",43.04107285,-87.90942383,87,15,72,17.2,589067,2.55,12.22,14.77,2.02,6.72,8.74,0.26,0.82,0.69,
"Baltimore, MD",39.29044342,-76.61233521,62,16,46,25.8,586131,2.73,7.85,10.58,1.61,4.67,6.28,0.7,0.68,0.68,
"Albuquerque, NM",35.08424759,-106.6492386,105,30,75,28.6,562540,5.33,13.33,18.67,1.65,5.67,7.32,2.24,1.35,1.55,
"Tucson, AZ",32.22187805,-110.9712219,125,37,88,29.6,553571,6.68,15.9,22.58,2.66,8.73,11.38,1.52,0.82,0.98,
"Fresno, CA",36.73165512,-119.7858582,71,29,42,40.8,530267,5.47,7.92,13.39,2.21,4.82,7.03,1.47,0.64,0.9,
"Mesa, AZ",33.41518021,-111.8314972,47,17,30,36.2,528159,3.22,5.68,8.9,0.68,4.99,5.67,3.73,0.14,0.57,
"Sacramento, CA",38.57693481,-121.4949493,43,21,22,48.8,512838,4.09,4.29,8.38,3.42,7.49,10.92,0.2,-0.43,-0.23,
"Atlanta, GA",33.7485466,-84.39150238,81,25,56,30.9,512550,4.88,10.93,15.8,3.49,7.45,10.95,0.4,0.47,0.44,
"Kansas, MO",38.48472977,-98.38018036,88,16,72,18.2,497159,3.22,14.48,17.7,0.87,13.46,14.33,2.71,0.08,0.24,
"Colorado Springs, CO",38.83522415,-104.8198013,50,10,40,20,482131,2.07,8.3,10.37,0.71,4.04,4.75,1.91,1.05,1.18,
"Omaha, NE",41.25865173,-95.93719482,42,8,34,19,478393,1.67,7.11,8.78,0.87,3.7,4.57,0.92,0.92,0.92,
"Raleigh, NC",35.78130341,-78.64167786,18,10,8,55.6,474414,2.11,1.69,3.79,1.48,5.17,6.64,0.43,-0.67,-0.43,
"Miami, FL",25.77508354,-80.19470215,60,21,39,35,471525,4.45,8.27,12.72,3.49,5.24,8.73,0.28,0.58,0.46,
"Long Beach, CA",33.77171326,-118.1813126,30,18,12,60,454681,3.96,2.64,6.6,1.95,4.33,6.27,1.03,-0.39,0.05,
"Virginia Beach, VA",36.84512711,-75.97543335,26,7,19,26.9,451231,1.55,4.21,5.76,0.91,3.42,4.33,0.7,0.23,0.33,
"Minneapolis, MN",44.97748566,-93.26436615,17,4,13,23.5,433111,0.92,3,3.93,1.04,4.18,5.22,-0.12,-0.28,-0.25,
"Oakland, CA",37.80482864,-122.2724762,27,15,12,55.6,424891,3.53,2.82,6.35,1.79,5.37,7.15,0.97,-0.47,-0.11,
"Tampa, FL",27.94742393,-82.45877838,64,14,50,21.9,407599,3.43,12.27,15.7,5.04,8.6,13.64,-0.32,0.43,0.15,
"Tulsa, OK",36.15532684,-95.99208069,59,16,43,27.1,403166,3.97,10.67,14.63,1.53,9.94,11.47,1.59,0.07,0.28,
"Arlington, TX",32.7355957,-97.10710907,33,7,26,21.2,398864,1.75,6.52,8.27,0.55,5.19,5.74,2.21,0.26,0.44,
"Wichita, KS",37.68602371,-97.33557129,48,5,43,10.4,391731,1.28,10.98,12.25,0.78,7.05,7.84,0.63,0.56,0.56,
"New Orleans, LA",29.95176315,-90.07461548,51,10,41,19.6,389476,2.57,10.53,13.09,0.29,7.48,7.76,7.93,0.41,0.69,
"Aurora, CO",39.71293259,-104.8193588,36,10,26,27.8,387377,2.58,6.71,9.29,0.91,2.13,3.05,1.82,2.14,2.05,
"Bakersfield, CA",35.37340546,-119.0189133,51,14,37,27.5,385725,3.63,9.59,13.22,2.58,4.3,6.88,0.41,1.23,0.92,
"Cleveland, OH",41.50514221,-81.69145966,75,10,65,13.3,378589,2.64,17.17,19.81,1.77,7.07,8.84,0.49,1.43,1.24,
"Anaheim, CA",33.83449173,-117.9156418,31,11,20,35.5,353676,3.11,5.65,8.77,1.48,3.26,4.74,1.1,0.74,0.85,
"Urban Honolulu CDP, HI",21.30991936,-157.8581543,8,4,4,50,341555,1.17,1.17,2.34,3.54,3.54,7.08,-0.67,-0.67,-0.67,
"Santa Ana, CA",33.74973679,-117.8697815,21,10,11,47.6,331301,3.02,3.32,6.34,1.54,1.54,3.08,0.96,1.16,1.06,
"Riverside, CA",33.9805336,-117.3770218,37,8,29,21.6,330786,2.42,8.77,11.19,1.64,4.91,6.55,0.48,0.79,0.71,
"Henderson, NV",36.03409576,-114.9844513,8,3,5,37.5,329172,0.91,1.52,2.43,0.39,3.11,3.5,1.35,-0.51,-0.3,
"Corpus Christi, TX",27.79641533,-97.40412903,31,11,20,35.5,327248,3.36,6.11,9.47,2.29,3.6,5.9,0.47,0.7,0.61,
"Lexington, KY",38.0463562,-84.49702454,26,6,20,23.1,324735,1.85,6.16,8.01,1.35,6.74,8.08,0.37,-0.09,-0.01,
"Stockton, CA",37.95754242,-121.29245,31,8,23,25.8,312716,2.56,7.35,9.91,3.07,6.48,9.56,-0.17,0.13,0.04,
"St. Paul, MN",44.94371796,-93.09428406,13,3,10,23.1,306717,0.98,3.26,4.24,0.7,1.05,1.75,0.4,2.1,1.42,
"Cincinnati, OH",39.10369873,-84.51361084,36,8,28,22.2,304548,2.63,9.19,11.82,0.67,3.7,4.38,2.9,1.48,1.7,
"Pittsburgh, PA",40.44216919,-79.99495697,22,4,18,18.2,299226,1.34,6.02,7.35,1.96,6.88,8.84,-0.32,-0.13,-0.17,
"Greensboro, NC",36.0727005,-79.79389954,35,9,26,25.7,297878,3.02,8.73,11.75,2.23,7.79,10.01,0.36,0.12,0.17,
"St. Louis, MO",38.6353569,-90.20098877,81,20,61,24.7,297645,6.72,20.49,27.21,3.44,10.33,13.78,0.95,0.98,0.98,
"Plano, TX",33.01969528,-96.69758606,19,2,17,10.5,291296,0.69,5.84,6.52,0.38,3.83,4.21,0.79,0.52,0.55,
"Orlando, FL",28.53833008,-81.37887573,45,11,34,24.4,289457,3.8,11.75,15.55,2.51,7.52,10.03,0.52,0.56,0.55,
"Anchorage, AK",61.21658325,-149.8995972,15,9,6,60,287095,3.13,2.09,5.22,1.02,2.38,3.4,2.07,-0.12,0.53,
"Durham, NC",35.99694824,-78.89902496,28,7,21,25,285897,2.45,7.35,9.79,1.3,5.61,6.91,0.89,0.31,0.42,
"Newark, NJ",40.73150635,-74.17438507,31,7,24,22.6,282520,2.48,8.49,10.97,5.05,4.33,9.39,-0.51,0.96,0.17,
"Chula Vista, CA",32.64007187,-117.0840454,8,3,5,37.5,272979,1.1,1.83,2.93,1.23,1.63,2.86,-0.1,0.12,0.02,
"Fort Wayne, IN",41.07747269,-85.13749695,18,0,18,0,272398,0,6.61,6.61,0.39,3.93,4.33,-1,0.68,0.53,
"Toledo, OH",41.65529633,-83.5357132,35,6,29,17.1,271455,2.21,10.68,12.89,1.74,9.06,10.8,0.27,0.18,0.19,
"St. Petersburg, FL",27.77206993,-82.63848877,34,6,28,17.6,267802,2.24,10.46,12.7,2.04,12.23,14.27,0.1,-0.15,-0.11,
"Chandler, AZ",33.30228424,-111.8401032,20,2,18,10,265398,0.75,6.78,7.54,0.85,3.38,4.23,-0.11,1,0.78,
"Laredo, TX",27.50712967,-99.50749207,11,2,9,18.2,263640,0.76,3.41,4.17,2.53,3.8,6.33,-0.7,-0.1,-0.34,
"Madison, WI",43.07392502,-89.38524628,14,2,12,14.3,263094,0.76,4.56,5.32,1.71,2.99,4.7,-0.56,0.52,0.13,
"Jersey, NJ",40.72174249,-74.05723041,9,4,5,44.4,262664,1.52,1.9,3.43,3.22,2.82,6.04,-0.53,-0.32,-0.43,
"Scottsdale, AZ",33.49490738,-111.9260635,29,4,25,13.8,262647,1.52,9.52,11.04,1.84,3.68,5.51,-0.17,1.59,1,
"Lubbock, TX",33.58368683,-101.85495,26,4,22,15.4,262611,1.52,8.38,9.9,1.3,9.95,11.25,0.17,-0.16,-0.12,
"North Las Vegas, NV",36.19585037,-115.1145706,7,2,5,28.6,260098,0.77,1.92,2.69,0.92,3.23,4.15,-0.17,-0.4,-0.35,
"Reno, NV",39.52690125,-119.8132858,23,6,17,26.1,259290,2.31,6.56,8.87,1.33,4.87,6.2,0.74,0.35,0.43,
"Gilbert town, AZ",34.29322815,-111.6645966,6,1,5,16.7,257658,0.39,1.94,2.33,0.48,4.3,4.77,-0.19,-0.55,-0.51,
"Glendale, AZ",33.53855896,-112.1837006,49,15,34,30.6,255307,5.88,13.32,19.19,3.54,4.86,8.4,0.66,1.74,1.28,
"Buffalo, NY",42.8876915,-78.87937164,16,3,13,18.8,254479,1.18,5.11,6.29,0.38,4.21,4.59,2.08,0.21,0.37,
"Winston-Salem, NC",36.09626007,-80.24373627,20,1,19,5,248112,0.4,7.66,8.06,1.3,5.22,6.52,-0.69,0.47,0.24,
"Chesapeake, VA",36.71458817,-76.24992371,12,3,9,25,247011,1.21,3.64,4.86,0.45,4.92,5.37,1.71,-0.26,-0.1,
"Irving, TX",32.81387711,-96.94993591,14,3,11,21.4,240916,1.25,4.57,5.81,1.84,2.77,4.61,-0.32,0.65,0.26,
"Garland, TX",32.91434479,-96.63656616,18,7,11,38.9,238139,2.94,4.62,7.56,1.32,1.32,2.64,1.23,2.5,1.86,
"Fremont, CA",37.55020142,-121.9808273,7,2,5,28.6,234569,0.85,2.13,2.98,2.33,1.86,4.2,-0.63,0.14,-0.29,
"Richmond, VA",37.54076004,-77.43392944,27,10,17,37,232226,4.31,7.32,11.63,0.98,5.38,6.36,3.4,0.36,0.83,
"Hialeah, FL",25.82720184,-80.28150177,25,6,19,24,232027,2.59,8.19,10.77,3.99,5.32,9.31,-0.35,0.54,0.16,
"Boise, ID",43.61579132,-116.2015762,11,1,10,9.1,229776,0.44,4.35,4.79,0.48,2.86,3.34,-0.09,0.52,0.43,
"Spokane, WA",47.6590004,-117.4250259,18,7,11,38.9,222050,3.15,4.95,8.11,0.48,3.34,3.82,5.61,0.48,1.12,
"Tacoma, WA",47.25307846,-122.4415283,18,1,17,5.6,219945,0.45,7.73,8.18,1.51,6.05,7.56,-0.7,0.28,0.08,
"Baton Rouge, LA",30.44949341,-91.09339905,58,20,38,34.5,219052,9.13,17.35,26.48,3.49,10.91,14.4,1.62,0.59,0.84,
"San Bernardino, CA",34.10831833,-117.2940979,45,12,33,26.7,217491,5.52,15.17,20.69,1.43,8.08,9.5,2.87,0.88,1.18,
"Fontana, CA",34.10289383,-117.4357681,19,7,12,36.8,216173,3.24,5.55,8.79,1.01,3.55,4.56,2.19,0.56,0.93,
"Modesto, CA",37.64073563,-121.0024338,15,9,6,60,215666,4.17,2.78,6.96,0.98,4.92,5.9,3.24,-0.43,0.18,
"Des Moines, IA",41.58882141,-93.62030792,23,5,18,21.7,212312,2.36,8.48,10.83,0.49,5.36,5.85,3.83,0.58,0.85,
"Fayetteville, NC",35.05441666,-78.88365936,31,13,18,41.9,211705,6.14,8.5,14.64,3.36,7.68,11.04,0.83,0.11,0.33,
"Santa Clarita, CA",34.41414261,-118.5541916,7,0,7,0,209990,0,3.33,3.33,1.44,1.92,3.35,-1,0.74,-0.01,
"Oxnard, CA",34.19766235,-119.1759491,5,3,2,60,207945,1.44,0.96,2.4,0.5,2.01,2.52,1.86,-0.52,-0.05,
"Birmingham, AL",33.52285767,-86.80770874,44,9,35,20.5,206950,4.35,16.91,21.26,0.94,12.75,13.69,3.6,0.33,0.55,
"Rochester, NY",43.15570831,-77.61254883,16,3,13,18.8,205225,1.46,6.33,7.8,1.43,8.56,9.99,0.02,-0.26,-0.22,
"Salt Lake, UT",40.75847626,-111.8881455,25,4,21,16,204087,1.96,10.29,12.25,1.61,6.97,8.57,0.22,0.48,0.43,
"Huntsville, AL",34.72954178,-86.58530426,26,8,18,30.8,202964,3.94,8.87,12.81,1.11,7.74,8.84,2.57,0.15,0.45,
"Cape Coral, FL",26.63146591,-81.95975494,18,3,15,16.7,200972,1.49,7.46,8.96,1.94,4.52,6.46,-0.23,0.65,0.39,
"Tempe, AZ",33.42552185,-111.9412537,17,5,12,29.4,200402,2.49,5.99,8.48,1.85,5.54,7.39,0.35,0.08,0.15,
"Yonkers, NY",40.93079376,-73.89829254,10,2,8,20,200040,1,4,5,0.51,1.53,2.04,0.96,1.62,1.46,
"Grand Rapids, MI",42.96546173,-85.67017365,14,5,9,35.7,200031,2.5,4.5,7,2.66,4.26,6.92,-0.06,0.06,0.01,
"Amarillo, TX",35.20700836,-101.832016,24,4,20,16.7,199654,2,10.02,12.02,1.05,8.37,9.41,0.92,0.2,0.28,
"Little Rock, AR",34.74874496,-92.27510834,43,20,23,46.5,197866,10.11,11.62,21.73,2.06,9.28,11.34,3.9,0.25,0.92,
"Glendale, CA",34.14813614,-118.2464371,3,2,1,66.7,197747,1.01,0.51,1.52,1.56,1.56,3.13,-0.35,-0.68,-0.52,
"Augusta, GA",33.47249222,-81.96439362,27,10,17,37,197468,5.06,8.61,13.67,1.53,7.13,8.66,2.32,0.21,0.58,
"Overland Park, KS",38.97481918,-94.68360138,7,3,4,42.9,197381,1.52,2.03,3.55,0.57,4.02,4.6,1.65,-0.5,-0.23,
"Columbus, GA",32.46668243,-84.99040222,17,7,10,41.2,196442,3.56,5.09,8.65,0.52,5.76,6.28,5.81,-0.12,0.38,
"Aurora, IL",41.7552681,-88.30950928,12,2,10,16.7,196383,1.02,5.09,6.11,0.5,1.01,1.51,1.02,4.05,3.04,
"Tallahassee, FL",30.44074059,-84.27832794,24,7,17,29.2,196326,3.57,8.66,12.22,2.76,6.06,8.82,0.29,0.43,0.39,
"Montgomery, AL",32.37654114,-86.29965973,25,8,17,32,196268,4.08,8.66,12.74,0.49,3.4,3.89,7.38,1.54,2.27,
"Akron, OH",41.08481979,-81.51560974,29,4,25,13.8,195994,2.04,12.76,14.8,1.01,4.52,5.53,1.03,1.82,1.68,
"Grand Prairie, TX",32.74549484,-97.00353241,17,3,14,17.6,195272,1.54,7.17,8.71,1.14,8.53,9.66,0.35,-0.16,-0.1,
"Knoxville, TN",35.96264267,-83.91672516,30,5,25,16.7,190223,2.63,13.14,15.77,2.24,15.15,17.39,0.17,-0.13,-0.09,
"Sioux Falls, SD",43.54730988,-96.73130035,16,4,12,25,187809,2.13,6.39,8.52,0.65,0.65,1.29,2.29,8.87,5.58,
"Mobile, AL",30.68894386,-88.04482269,28,5,23,17.9,187746,2.66,12.25,14.91,4.11,10.79,14.9,-0.35,0.14,0,
"Vancouver, WA",45.63106155,-122.6715698,15,7,8,46.7,186192,3.76,4.3,8.06,1.79,4.18,5.97,1.1,0.03,0.35,
"Shreveport, LA",32.51425171,-93.74777222,31,8,23,25.8,184786,4.33,12.45,16.78,1.99,7.94,9.93,1.18,0.57,0.69,
"Chattanooga, TN",35.04575729,-85.30828857,34,2,32,5.9,184742,1.08,17.32,18.4,0.59,13.48,14.07,0.85,0.28,0.31,
"Worcester, MA",42.26211929,-71.80223846,6,2,4,33.3,184570,1.08,2.17,3.25,0.55,5.5,6.05,0.97,-0.61,-0.46,
"Fort Lauderdale, FL",26.12416267,-80.14358521,34,10,24,29.4,184245,5.43,13.03,18.45,7.21,9.02,16.23,-0.25,0.44,0.14,
"Brownsville, TX",25.90304565,-97.49888611,8,3,5,37.5,183428,1.64,2.73,4.36,2.86,5.14,8,-0.43,-0.47,-0.45,
"Ontario, CA",34.06335068,-117.6523972,20,6,14,30,183393,3.27,7.63,10.91,0.61,6.69,7.3,4.38,0.14,0.49,
"Peoria, AZ",33.57508469,-112.2373123,12,3,9,25,179872,1.67,5,6.67,1.29,2.58,3.87,0.29,0.94,0.72,
"Providence, RI",41.82446289,-71.41275024,12,3,9,25,179270,1.67,5.02,6.69,2.81,4.49,7.3,-0.4,0.12,-0.08,
"Newport News, VA",36.97771454,-76.43035126,22,3,19,13.6,179062,1.68,10.61,12.29,1.66,4.97,6.63,0.01,1.13,0.85,
"Elk Grove, CA",38.41813278,-121.3932571,5,1,4,20,177302,0.56,2.26,2.82,0.65,5.21,5.87,-0.13,-0.57,-0.52,
"Salem, OR",44.93901443,-123.0393066,12,3,9,25,175891,1.71,5.12,6.82,0.64,4.51,5.15,1.65,0.13,0.32,
"Oceanside, CA",33.19590759,-117.3795166,15,7,8,46.7,174648,4.01,4.58,8.59,1.19,3.57,4.76,2.37,0.28,0.8,
"Santa Rosa, CA",38.43969727,-122.7156448,7,1,6,14.3,174613,0.57,3.44,4.01,0.57,1.71,2.28,0,1.01,0.76,
"Eugene, OR",44.05215454,-123.0911942,5,3,2,60,173236,1.73,1.15,2.89,2.56,1.28,3.83,-0.32,-0.1,-0.25,
"Garden Grove, CA",33.77606964,-117.9378815,10,3,7,30,171366,1.75,4.08,5.84,1.75,1.17,2.92,0,2.49,1,
"Corona, CA",33.87566376,-117.56884,15,3,12,20,170996,1.75,7.02,8.77,0.65,3.27,3.92,1.68,1.15,1.24,
"Springfield, MO",37.21552277,-93.2923584,29,6,23,20.7,168090,3.57,13.68,17.25,2.51,10.04,12.55,0.42,0.36,0.37,
"Jackson, MS",32.30289841,-90.18348694,53,15,38,28.3,157821,9.5,24.08,33.58,2.88,10.36,13.24,2.3,1.32,1.54,
"Lancaster, CA",34.69747162,-118.1445236,28,8,20,28.6,155822,5.13,12.84,17.97,1.91,3.82,5.74,1.69,2.36,2.13,
"Salinas, CA",36.67677307,-121.6564636,7,5,2,71.4,154868,3.23,1.29,4.52,0.66,2.65,3.32,3.87,-0.51,0.36,
"Macon-Bibb County, GA",32.8360939,-83.63165283,29,7,22,24.1,152737,4.58,14.4,18.99,4.49,7.06,11.55,0.02,1.04,0.64,
"Springfield, MA",42.10205078,-72.58575439,12,1,11,8.3,152646,0.66,7.21,7.86,1.95,1.3,3.26,-0.66,4.53,1.41,
"Palmdale, CA",34.57646942,-118.1161041,26,6,20,23.1,150498,3.99,13.29,17.28,1.31,2.62,3.93,2.05,4.08,3.4,